customer_id,recency_days,frequency,monetary,r_score,f_score,m_score,segment
1187,126,22,8118.0400000000018,4,5,5,Champions
2287,161,22,7905.3700000000008,4,5,5,Champions
2981,90,21,7786.4399999999978,4,5,5,Champions
1751,118,22,6971.93,4,5,5,Champions
1915,38,17,6761.2000000000007,5,5,5,Champions
2648,111,21,6742.6400000000012,4,5,5,Champions
2618,251,17,6697.32,4,5,5,Champions
1750,259,19,6616.42,4,5,5,Champions
1047,290,16,6420.04,3,5,5,At Risk
816,70,22,6207.2600000000011,5,5,5,Champions
310,389,18,6191.3799999999992,3,5,5,At Risk
2092,121,14,6139.5400000000009,4,5,5,Champions
1691,45,19,5997.4999999999991,5,5,5,Champions
2549,37,22,5955.27,5,5,5,Champions
243,305,16,5888.51,3,5,5,At Risk
919,179,20,5836.53,4,5,5,Champions
2752,29,21,5754.1400000000021,5,5,5,Champions
2273,56,17,5655.58,5,5,5,Champions
1083,234,13,5635.8199999999988,4,5,5,Champions
2909,12,22,5606.0199999999995,5,5,5,Champions
762,89,18,5604.3099999999995,4,5,5,Champions
633,0,19,5549.73,5,5,5,Champions
102,511,15,5542.2299999999987,2,5,5,At Risk
1050,11,21,5391.47,5,5,5,Champions
123,74,11,5385.52,5,5,5,Champions
2806,121,18,5381.8300000000008,4,5,5,Champions
1541,250,21,5347.3199999999988,4,5,5,Champions
2689,519,13,5337.87,2,5,5,At Risk
1055,185,16,5310.73,4,5,5,Champions
747,4,18,5236.38,5,5,5,Champions
1584,107,20,5202.5300000000007,4,5,5,Champions
2729,39,12,5185.65,5,5,5,Champions
2510,4,19,5159.0900000000011,5,5,5,Champions
574,5,17,5147.47,5,5,5,Champions
714,261,21,5121.9900000000007,4,5,5,Champions
927,17,8,5100.52,5,5,5,Champions
1334,44,11,5097.1799999999994,5,5,5,Champions
2456,64,18,5086.3600000000006,5,5,5,Champions
1296,124,13,5038.4800000000005,4,5,5,Champions
2190,29,13,5019.0099999999993,5,5,5,Champions
382,223,20,4966.57,4,5,5,Champions
1951,847,9,4941.11,1,5,5,Needs Attention
887,183,17,4938.4500000000007,4,5,5,Champions
1927,499,17,4911.59,2,5,5,At Risk
327,4,16,4714.16,5,5,5,Champions
2373,14,11,4669.2300000000005,5,5,5,Champions
2242,364,14,4595.39,3,5,5,At Risk
335,435,14,4588.83,3,5,5,At Risk
2463,450,15,4583.4000000000005,3,5,5,At Risk
1216,155,17,4564.78,4,5,5,Champions
1826,0,10,4561.4000000000005,5,5,5,Champions
1304,201,8,4556.2200000000012,4,5,5,Champions
2620,2,11,4479.89,5,5,5,Champions
1457,266,11,4395.4900000000007,4,5,5,Champions
2559,31,12,4301.6100000000006,5,5,5,Champions
1369,419,12,4272.3200000000006,3,5,5,At Risk
551,2,14,4242.2300000000005,5,5,5,Champions
2638,11,13,4233.3,5,5,5,Champions
2790,530,15,4223.2400000000007,2,5,5,At Risk
1316,69,13,4218.36,5,5,5,Champions
2212,43,19,4201.57,5,5,5,Champions
1240,7,18,4198.85,5,5,5,Champions
2056,366,15,4193.64,3,5,5,At Risk
212,264,14,4188.4400000000005,4,5,5,Champions
760,20,20,4156.6900000000005,5,5,5,Champions
870,402,11,4135.02,3,5,5,At Risk
2063,393,7,4121.95,3,5,5,At Risk
2123,169,8,4103.09,4,5,5,Champions
1974,11,17,4058.0499999999997,5,5,5,Champions
718,27,18,4055.7900000000004,5,5,5,Champions
1322,8,12,4034.3300000000004,5,5,5,Champions
2324,825,7,4022.06,1,5,5,Needs Attention
128,772,12,4018.5600000000004,1,5,5,Needs Attention
2785,193,18,3985.3,4,5,5,Champions
2813,746,8,3945.5999999999995,1,5,5,Needs Attention
2811,194,14,3893.9399999999996,4,5,5,Champions
2184,638,14,3876.48,2,5,5,At Risk
2701,83,15,3862.7199999999993,5,5,5,Champions
2894,249,7,3861.6800000000003,4,5,5,Champions
881,12,11,3858.2199999999993,5,5,5,Champions
1726,58,19,3855.5299999999997,5,5,5,Champions
2018,112,12,3847.97,4,5,5,Champions
105,84,13,3845.37,5,5,5,Champions
1502,41,12,3837.2200000000007,5,5,5,Champions
18,167,13,3812.0200000000013,4,5,5,Champions
715,51,8,3783.1899999999996,5,5,5,Champions
1684,76,9,3772.21,5,5,5,Champions
2142,177,13,3756.0099999999993,4,5,5,Champions
1442,9,11,3755.4300000000003,5,5,5,Champions
2581,496,16,3726.8200000000006,3,5,5,At Risk
2534,5,15,3722.9300000000003,5,5,5,Champions
1420,403,11,3717.9100000000008,3,5,5,At Risk
1011,496,8,3700.7,3,5,5,At Risk
1310,334,6,3695.26,3,4,5,At Risk
1785,55,12,3692.2,5,5,5,Champions
2812,527,10,3658.27,2,5,5,At Risk
273,382,10,3653.23,3,5,5,At Risk
1288,3,9,3631.35,5,5,5,Champions
1430,776,8,3627.4600000000005,1,5,5,Needs Attention
134,9,13,3622.3199999999993,5,5,5,Champions
585,614,8,3560.29,2,5,5,At Risk
1591,735,10,3552.58,1,5,5,Needs Attention
922,384,14,3545.59,3,5,5,At Risk
2578,5,10,3516.7700000000004,5,5,5,Champions
334,502,7,3505.8900000000003,2,5,5,At Risk
1103,242,7,3500.11,4,5,5,Champions
2887,365,8,3496.6600000000003,3,5,5,At Risk
1024,173,14,3488.5600000000004,4,5,5,Champions
1543,75,10,3478.9100000000008,5,5,5,Champions
2425,62,9,3475.4000000000005,5,5,5,Champions
1558,679,11,3469.1800000000003,2,5,5,At Risk
2183,627,9,3455.9999999999995,2,5,5,At Risk
68,71,13,3453.6899999999996,5,5,5,Champions
2558,312,8,3449.9199999999996,3,5,5,At Risk
940,246,13,3400.4000000000005,4,5,5,Champions
1335,157,12,3387.4,4,5,5,Champions
965,614,7,3368.43,2,5,5,At Risk
1468,537,8,3363.68,2,5,5,At Risk
313,329,13,3362.3599999999997,3,5,5,At Risk
2628,1,9,3352.49,5,5,5,Champions
26,619,10,3347.67,2,5,5,At Risk
1504,488,6,3293.5299999999997,3,5,5,At Risk
765,654,8,3289.5200000000004,2,5,5,At Risk
928,674,7,3282.47,2,5,5,At Risk
623,78,11,3279.7499999999995,5,5,5,Champions
2292,402,4,3264.7000000000003,3,4,5,At Risk
1359,732,13,3226.0699999999997,2,5,5,At Risk
254,21,10,3207.5800000000004,5,5,5,Champions
250,317,9,3183.6499999999996,3,5,5,At Risk
2682,23,8,3169.76,5,5,5,Champions
1244,376,13,3162.6200000000003,3,5,5,At Risk
2636,32,9,3142.11,5,5,5,Champions
1763,714,6,3141.1499999999996,2,5,5,At Risk
2541,107,6,3140.63,4,4,5,Champions
521,745,4,3136.06,1,4,5,Needs Attention
571,257,9,3128.3400000000006,4,5,5,Champions
444,17,10,3127.9700000000003,5,5,5,Champions
538,709,9,3081.77,2,5,5,At Risk
199,390,6,3078.83,3,4,5,At Risk
1982,817,8,3072.9800000000005,1,5,5,Needs Attention
1008,15,8,3072.7200000000003,5,5,5,Champions
2452,37,8,3040.42,5,5,5,Champions
2087,91,9,3034.1,4,5,5,Champions
1973,622,8,3030.5600000000004,2,5,5,At Risk
2665,15,9,3025.54,5,5,5,Champions
684,49,12,3020.39,5,5,5,Champions
1735,38,7,3017.97,5,5,5,Champions
2491,197,5,3017.92,4,4,5,Champions
840,260,9,3015.3099999999995,4,5,5,Champions
1534,142,14,3013.8699999999994,4,5,5,Champions
961,279,14,3005.63,3,5,5,At Risk
496,56,10,3005.3999999999996,5,5,5,Champions
2907,657,11,2988.87,2,5,5,At Risk
157,720,7,2984.9,2,5,5,At Risk
1090,1,14,2984.33,5,5,5,Champions
2949,28,6,2981.58,5,4,5,Champions
1732,373,6,2964.5499999999997,3,4,5,At Risk
672,94,10,2956.9999999999995,4,5,5,Champions
191,809,9,2954.24,1,5,5,Needs Attention
1926,428,9,2947.23,3,5,5,At Risk
930,568,9,2945.61,2,5,5,At Risk
1479,481,7,2941.21,3,5,5,At Risk
89,253,8,2940.7299999999996,4,5,5,Champions
1339,309,10,2939.2200000000003,3,5,5,At Risk
2104,179,10,2933.6299999999997,4,5,5,Champions
1817,217,7,2916.85,4,5,5,Champions
1028,206,12,2912.41,4,5,5,Champions
620,130,10,2900.8100000000004,4,5,5,Champions
1089,34,9,2882.62,5,5,5,Champions
1994,18,6,2881.73,5,5,5,Champions
2661,345,3,2878.14,3,3,5,At Risk
1082,77,11,2872.15,5,5,5,Champions
2409,269,5,2869.56,4,4,5,Champions
519,723,8,2868.67,2,5,5,At Risk
2442,724,7,2866.63,2,5,5,At Risk
503,157,10,2842.33,4,5,5,Champions
1261,11,11,2838.08,5,5,5,Champions
804,7,11,2835.86,5,5,5,Champions
483,265,8,2820.0800000000004,4,5,5,Champions
2831,347,7,2813.48,3,5,5,At Risk
2414,692,7,2799.12,2,5,5,At Risk
1372,552,7,2798.6400000000003,2,5,5,At Risk
54,505,7,2781.2499999999995,2,5,5,At Risk
1588,651,8,2775.3100000000004,2,5,5,At Risk
87,6,8,2775.22,5,5,5,Champions
358,16,15,2761.3999999999996,5,5,5,Champions
2348,57,8,2759.7000000000003,5,5,5,Champions
384,534,6,2753.17,2,4,5,At Risk
1317,670,4,2745.52,2,4,5,At Risk
2966,190,4,2735.65,4,4,5,Champions
2402,8,10,2711.4900000000002,5,5,5,Champions
1299,144,8,2691.3399999999992,4,5,5,Champions
2151,110,5,2685.89,4,4,5,Champions
1505,516,8,2685.08,2,5,5,At Risk
2304,142,11,2672.7200000000003,4,5,5,Champions
166,188,9,2655.75,4,5,5,Champions
2962,165,8,2649.74,4,5,5,Champions
295,103,10,2643.2699999999995,4,5,5,Champions
1889,89,8,2639.3899999999994,4,5,5,Champions
2451,586,11,2625.58,2,5,5,At Risk
767,16,4,2624.63,5,4,5,Champions
2947,691,7,2622.75,2,5,5,At Risk
126,111,5,2618.62,4,4,5,Champions
674,43,7,2613.2999999999997,5,5,5,Champions
170,169,3,2610.7299999999996,4,3,5,New / Promising
2821,57,9,2603.0599999999995,5,5,5,Champions
2731,1,7,2600.42,5,5,5,Champions
1953,25,8,2599.5,5,5,5,Champions
1326,482,5,2589.67,3,4,5,At Risk
2818,90,5,2587.03,4,4,5,Champions
2975,137,7,2576.0699999999997,4,5,5,Champions
731,241,9,2573.98,4,5,5,Champions
936,552,10,2559.16,2,5,5,At Risk
2141,87,11,2543.29,5,5,5,Champions
1366,10,14,2535.8199999999997,5,5,5,Champions
2048,270,12,2529.48,4,5,5,Champions
2477,731,8,2528.73,2,5,5,At Risk
450,701,9,2527.36,2,5,5,At Risk
2319,128,4,2516.11,4,4,5,Champions
2888,3,12,2514.9700000000003,5,5,5,Champions
2743,614,10,2504.4799999999996,2,5,5,At Risk
2318,754,10,2490.1000000000004,1,5,5,Needs Attention
682,884,5,2480.2700000000004,1,4,5,Needs Attention
1134,85,8,2473.7999999999997,5,5,5,Champions
454,546,2,2469.55,2,2,5,Lost
185,755,7,2469.14,1,5,5,Needs Attention
885,118,6,2468.42,4,4,5,Champions
2213,34,8,2462.8800000000006,5,5,5,Champions
2822,293,4,2458.3100000000004,3,4,5,At Risk
1242,71,6,2449.05,5,5,5,Champions
2543,325,5,2438.0800000000004,3,4,5,At Risk
2923,7,4,2430.59,5,4,5,Champions
300,7,8,2425.58,5,5,5,Champions
2195,277,4,2421.3,4,4,5,Champions
2350,416,5,2409.26,3,4,5,At Risk
1854,291,10,2397.0600000000004,3,5,5,At Risk
2836,119,8,2387.36,4,5,5,Champions
2305,652,10,2387.12,2,5,5,At Risk
656,354,6,2384.76,3,4,5,At Risk
1273,248,7,2382.29,4,5,5,Champions
557,435,7,2365.41,3,5,5,At Risk
2784,0,6,2363.4500000000003,5,4,5,Champions
2361,763,5,2360.51,1,4,5,Needs Attention
400,506,7,2348.27,2,5,5,At Risk
1583,141,6,2347.1,4,4,5,Champions
380,680,5,2339.85,2,4,5,At Risk
2555,235,6,2337.2500000000005,4,5,5,Champions
2883,330,8,2337.2000000000007,3,5,5,At Risk
1213,231,7,2335.48,4,5,5,Champions
539,390,6,2326.63,3,4,5,At Risk
2008,768,3,2324.9399999999996,1,3,5,Needs Attention
1077,294,7,2323.7200000000003,3,5,5,At Risk
1746,390,7,2316.52,3,5,5,At Risk
2634,426,4,2313.04,3,4,5,At Risk
1260,34,6,2303.4199999999996,5,5,5,Champions
1778,486,6,2302.34,3,5,5,At Risk
2530,719,6,2298.82,2,5,5,At Risk
1210,680,4,2298.33,2,4,5,At Risk
1234,53,8,2295.3199999999997,5,5,5,Champions
2999,315,10,2287.18,3,5,5,At Risk
2239,5,9,2283.77,5,5,5,Champions
827,614,5,2269.9,2,4,5,At Risk
730,518,5,2267.77,2,4,5,At Risk
1486,638,8,2265.7,2,5,5,At Risk
1509,501,5,2262.55,2,4,5,At Risk
500,4,4,2262.5,5,4,5,Champions
1465,415,7,2260.76,3,5,5,At Risk
826,680,6,2259.66,2,4,5,At Risk
2996,289,6,2254.93,3,5,5,At Risk
692,425,7,2243.73,3,5,5,At Risk
1318,664,9,2241.3399999999997,2,5,5,At Risk
2584,516,7,2239.5499999999997,2,5,5,At Risk
506,87,5,2237.11,5,4,5,Champions
257,107,7,2233.1,4,5,5,Champions
537,368,6,2231.09,3,4,5,At Risk
428,339,2,2230.42,3,2,5,Needs Attention
1126,573,6,2218.27,2,4,5,At Risk
2774,345,7,2217.0299999999997,3,5,5,At Risk
850,147,3,2211.36,4,3,5,New / Promising
1389,613,5,2207.75,2,4,5,At Risk
34,212,8,2205.47,4,5,5,Champions
2948,639,3,2205.17,2,3,5,At Risk
2959,546,3,2195.71,2,3,5,At Risk
695,219,7,2187.13,4,5,5,Champions
1710,18,9,2185.42,5,5,5,Champions
43,173,7,2184.73,4,5,5,Champions
361,6,8,2184.04,5,5,5,Champions
2700,130,5,2182.5000000000005,4,4,5,Champions
1782,140,8,2176.94,4,5,5,Champions
2102,527,6,2176.91,2,4,5,At Risk
2362,545,7,2174.79,2,5,5,At Risk
999,230,7,2173.6,4,5,5,Champions
309,573,8,2172.99,2,5,5,At Risk
1455,294,8,2171.03,3,5,5,At Risk
2264,375,8,2162.19,3,5,5,At Risk
1119,776,8,2161.49,1,5,5,Needs Attention
2025,175,4,2159.94,4,4,5,Champions
1014,68,6,2157.4500000000003,5,5,5,Champions
2005,397,5,2156.2699999999995,3,4,5,At Risk
81,651,6,2152.73,2,4,5,At Risk
2335,637,7,2147.88,2,5,5,At Risk
2166,724,6,2144.08,2,5,5,At Risk
755,34,6,2143.51,5,5,5,Champions
417,787,8,2142.68,1,5,5,Needs Attention
1121,578,5,2140.82,2,4,5,At Risk
1780,721,7,2139.3399999999997,2,5,5,At Risk
2707,10,8,2137.2500000000005,5,5,5,Champions
1569,719,5,2135.16,2,4,5,At Risk
336,403,6,2133.76,3,5,5,At Risk
1314,923,4,2130.49,1,4,5,Needs Attention
603,114,4,2128.02,4,4,5,Champions
41,770,6,2118.62,1,4,5,Needs Attention
1804,816,6,2116.92,1,4,5,Needs Attention
1654,201,6,2104.39,4,4,5,Champions
1835,328,6,2104.31,3,5,5,At Risk
862,0,8,2097.2200000000003,5,5,5,Champions
866,409,4,2091.22,3,4,5,At Risk
2231,41,8,2084.14,5,5,5,Champions
1765,860,5,2082.7200000000003,1,4,5,Needs Attention
1512,79,4,2081.1800000000003,5,4,5,Champions
2344,99,10,2076.4900000000002,4,5,5,Champions
1167,160,5,2073.1200000000003,4,4,5,Champions
1516,500,7,2072.3599999999997,2,5,5,At Risk
566,534,5,2064,2,4,5,At Risk
1686,25,9,2059.2899999999995,5,5,5,Champions
515,557,9,2050.41,2,5,5,At Risk
2899,19,6,2045.2600000000002,5,4,5,Champions
1231,188,8,2042.88,4,5,5,Champions
2260,5,7,2040.0700000000002,5,5,5,Champions
1576,59,7,2034.41,5,5,5,Champions
2437,688,5,2030.01,2,4,5,At Risk
1652,741,4,2027.99,1,4,5,Needs Attention
79,234,6,2023.31,4,5,5,Champions
1634,595,4,2019.47,2,4,5,At Risk
1189,211,5,2018.5,4,4,5,Champions
1985,298,5,2012.0500000000002,3,4,5,At Risk
2961,19,7,2006.24,5,5,5,Champions
208,34,5,2005.5300000000002,5,4,5,Champions
1730,728,3,1997.6499999999999,2,3,5,At Risk
766,25,5,1992.1200000000003,5,4,5,Champions
1159,139,6,1988.7999999999997,4,4,5,Champions
1131,622,5,1985.94,2,4,5,At Risk
2939,739,7,1984.27,1,5,5,Needs Attention
1417,223,4,1982.0300000000002,4,4,5,Champions
2251,623,9,1980.3,2,5,5,At Risk
47,33,4,1976.3999999999999,5,4,5,Champions
175,338,5,1974.6,3,4,5,At Risk
1321,5,8,1974.4199999999996,5,5,5,Champions
2024,316,6,1974.1299999999999,3,5,5,At Risk
644,287,4,1973.09,3,4,5,At Risk
354,210,3,1967.91,4,3,5,New / Promising
359,149,6,1965.59,4,4,5,Champions
1587,138,5,1962.6100000000001,4,4,5,Champions
1906,440,8,1959.5,3,5,5,At Risk
1783,170,8,1958.0600000000004,4,5,5,Champions
375,15,3,1956.0099999999998,5,3,5,New / Promising
1133,797,4,1952.88,1,4,5,Needs Attention
2460,134,6,1949.82,4,4,5,Champions
2288,445,7,1943.27,3,5,5,At Risk
1808,623,6,1940.2,2,4,5,At Risk
171,261,5,1936.7599999999998,4,4,5,Champions
1963,748,4,1934.31,1,4,5,Needs Attention
1860,12,8,1927.34,5,5,4,Champions
2449,0,6,1923.5700000000002,5,4,4,Champions
63,251,4,1916.07,4,4,4,Champions
1275,559,5,1915.01,2,4,4,At Risk
1934,52,4,1914.98,5,4,4,Champions
251,42,9,1908.59,5,5,4,Champions
763,533,8,1905.6100000000001,2,5,4,At Risk
296,536,2,1896.65,2,2,4,Lost
1246,370,2,1894.92,3,2,4,Needs Attention
844,744,9,1890.8100000000004,1,5,4,Needs Attention
1201,140,4,1879.8600000000001,4,4,4,Champions
520,855,3,1879.5,1,3,4,Needs Attention
1748,93,5,1878.99,4,4,4,Champions
1642,416,6,1878.71,3,5,4,At Risk
576,553,6,1878.05,2,4,4,At Risk
1087,737,8,1874.1000000000001,1,5,4,Needs Attention
37,35,7,1873.7499999999998,5,5,4,Champions
2099,57,6,1873.09,5,4,4,Champions
23,165,9,1873.02,4,5,4,Champions
2957,176,3,1871.24,4,3,4,New / Promising
232,516,6,1860.4899999999998,2,5,4,At Risk
2158,644,7,1856.58,2,5,4,At Risk
69,23,4,1852.7599999999998,5,4,4,Champions
851,758,8,1852.56,1,5,4,Needs Attention
2714,874,5,1852.11,1,4,4,Needs Attention
2997,660,8,1843.74,2,5,4,At Risk
2000,725,4,1842.08,2,4,4,At Risk
1348,1,6,1835.7399999999998,5,4,4,Champions
241,742,2,1834.79,1,2,4,Lost
2107,794,6,1833.24,1,4,4,Needs Attention
1295,195,5,1827.09,4,4,4,Champions
2736,749,8,1826,1,5,4,Needs Attention
2513,610,8,1825.1000000000001,2,5,4,At Risk
1450,702,3,1820.25,2,3,4,At Risk
886,37,5,1800.6599999999999,5,4,4,Champions
939,160,5,1797.76,4,4,4,Champions
556,14,7,1795.0599999999997,5,5,4,Champions
1277,470,8,1787.9099999999999,3,5,4,At Risk
664,111,6,1785.84,4,4,4,Champions
2207,744,6,1778.1399999999999,1,5,4,Needs Attention
1688,28,5,1773.58,5,4,4,Champions
1370,713,6,1769.29,2,5,4,At Risk
2856,31,6,1767.69,5,5,4,Champions
2159,2,5,1764.87,5,4,4,Champions
176,248,4,1763.91,4,4,4,Champions
884,138,2,1758.58,4,2,4,New / Promising
632,615,8,1758.3000000000002,2,5,4,At Risk
1418,759,8,1755.2300000000005,1,5,4,Needs Attention
1883,599,3,1753.33,2,3,4,At Risk
528,23,4,1753.1299999999999,5,4,4,Champions
1250,473,7,1752.56,3,5,4,At Risk
2830,449,7,1750.88,3,5,4,At Risk
2983,341,5,1747.96,3,4,4,At Risk
331,564,8,1743.57,2,5,4,At Risk
1230,1,6,1739.0700000000002,5,4,4,Champions
2572,118,8,1734.9600000000003,4,5,4,Champions
2155,515,7,1733.27,2,5,4,At Risk
1259,443,5,1732.0099999999998,3,4,4,At Risk
848,499,5,1727.0100000000002,3,4,4,At Risk
2110,22,5,1716.41,5,4,4,Champions
307,53,8,1712.9399999999998,5,5,4,Champions
2238,9,5,1708.06,5,4,4,Champions
934,393,11,1705.92,3,5,4,At Risk
2244,152,6,1704.08,4,4,4,Champions
773,619,8,1702.52,2,5,4,At Risk
2556,938,7,1701.1000000000004,1,5,4,Needs Attention
812,22,7,1699.8899999999999,5,5,4,Champions
681,830,6,1699.85,1,4,4,Needs Attention
810,43,9,1698.72,5,5,4,Champions
2022,334,5,1694.81,3,4,4,At Risk
475,404,3,1691.5900000000001,3,3,4,At Risk
567,430,7,1689.7400000000002,3,5,4,At Risk
2979,632,6,1689.17,2,4,4,At Risk
2709,494,5,1688.43,3,4,4,At Risk
28,370,7,1687.2499999999998,3,5,4,At Risk
35,281,6,1685.1099999999997,3,5,4,At Risk
2250,623,6,1676.1100000000001,2,4,4,At Risk
653,6,5,1676.03,5,4,4,Champions
2778,97,6,1662.9499999999998,4,4,4,Champions
1158,211,9,1661.25,4,5,4,Champions
2492,267,6,1658.3899999999999,4,5,4,Champions
1198,613,6,1657.98,2,4,4,At Risk
1109,467,5,1654.3500000000001,3,4,4,At Risk
1800,253,6,1652.21,4,5,4,Champions
1907,527,3,1649.35,2,3,4,At Risk
1052,46,4,1647.6799999999998,5,4,4,Champions
2792,5,4,1644.54,5,4,4,Champions
1863,575,7,1633.5900000000001,2,5,4,At Risk
420,627,2,1629.83,2,2,4,Lost
1744,701,4,1627.4700000000003,2,4,4,At Risk
2799,577,5,1624.88,2,4,4,At Risk
1701,3,12,1619.5900000000001,5,5,4,Champions
549,681,3,1619.1,2,4,4,At Risk
811,679,3,1613.8600000000001,2,4,4,At Risk
8,570,4,1609.2800000000002,2,4,4,At Risk
1996,484,4,1605.49,3,4,4,At Risk
918,650,4,1604.27,2,4,4,At Risk
1095,380,9,1602.1100000000001,3,5,4,At Risk
1696,199,3,1597.9499999999998,4,3,4,New / Promising
125,353,3,1595.43,3,3,4,At Risk
96,419,8,1592.7499999999998,3,5,4,At Risk
555,761,4,1592.24,1,4,4,Needs Attention
2589,222,7,1589.96,4,5,4,Champions
2173,45,5,1588.59,5,4,4,Champions
1859,863,2,1587.8899999999999,1,2,4,Lost
513,313,6,1586.41,3,5,4,At Risk
2091,779,5,1586.3100000000002,1,4,4,Needs Attention
365,227,6,1584.5900000000001,4,5,4,Champions
2127,402,6,1579.8600000000001,3,4,4,At Risk
1186,9,3,1577.96,5,3,4,New / Promising
2505,542,3,1571.87,2,3,4,At Risk
261,99,3,1571.7199999999998,4,3,4,New / Promising
584,633,4,1567.07,2,4,4,At Risk
339,567,8,1566.59,2,5,4,At Risk
2706,251,3,1566.13,4,3,4,New / Promising
1610,465,6,1566.01,3,5,4,At Risk
592,461,5,1563.85,3,4,4,At Risk
2454,517,7,1560.08,2,5,4,At Risk
1567,704,6,1556.3299999999997,2,4,4,At Risk
597,816,6,1555.9,1,4,4,Needs Attention
1381,60,4,1554.45,5,4,4,Champions
2365,782,4,1554.4,1,4,4,Needs Attention
2988,610,3,1552.96,2,3,4,At Risk
2934,385,4,1548.23,3,4,4,At Risk
1728,717,5,1546.96,2,4,4,At Risk
72,15,4,1546.28,5,4,4,Champions
991,14,4,1540.4999999999998,5,4,4,Champions
2703,646,3,1536.17,2,3,4,At Risk
206,635,4,1534.09,2,4,4,At Risk
416,135,7,1530.3200000000002,4,5,4,Champions
1409,875,5,1529.4499999999998,1,4,4,Needs Attention
360,635,3,1527.79,2,3,4,At Risk
418,416,7,1524.4299999999998,3,5,4,At Risk
2511,26,5,1522.72,5,4,4,Champions
604,385,2,1522.09,3,2,4,Needs Attention
1258,741,3,1518.19,1,3,4,Needs Attention
2253,423,3,1516.75,3,3,4,At Risk
702,193,5,1513.04,4,4,4,Champions
426,0,2,1512.47,5,2,4,New / Promising
2214,184,3,1503.8400000000001,4,3,4,New / Promising
1403,915,2,1503.4199999999998,1,2,4,Lost
1510,856,6,1497.65,1,4,4,Needs Attention
2156,219,6,1496.91,4,5,4,Champions
787,618,3,1494.07,2,3,4,At Risk
2798,572,6,1493.63,2,4,4,At Risk
2222,156,5,1493.1599999999999,4,4,4,Champions
1519,453,3,1489.4700000000003,3,3,4,At Risk
1680,733,6,1489.07,2,4,4,At Risk
2772,889,5,1488.22,1,4,4,Needs Attention
2327,78,1,1485.93,5,1,4,New / Promising
407,558,2,1483.8700000000001,2,2,4,Lost
2779,949,3,1483.53,1,3,4,Needs Attention
2500,655,5,1482.32,2,4,4,At Risk
2407,663,7,1481.6999999999998,2,5,4,At Risk
1917,26,7,1481.52,5,5,4,Champions
1323,34,5,1478.86,5,4,4,Champions
1949,138,7,1478.6699999999998,4,5,4,Champions
564,690,4,1475.35,2,4,4,At Risk
2047,157,5,1473.46,4,4,4,Champions
983,528,7,1471.76,2,5,4,At Risk
2563,38,6,1468.15,5,5,4,Champions
750,47,5,1467.9099999999999,5,4,4,Champions
2889,12,5,1467.26,5,4,4,Champions
792,5,4,1460.83,5,4,4,Champions
2976,248,5,1459.17,4,4,4,Champions
2895,596,6,1459.05,2,4,4,At Risk
981,230,6,1458.92,4,5,4,Champions
1487,1,3,1458.6799999999998,5,3,4,New / Promising
2074,840,5,1457.8899999999999,1,4,4,Needs Attention
394,333,6,1453.12,3,4,4,At Risk
1074,45,4,1451.1100000000001,5,4,4,Champions
1612,591,4,1446.98,2,4,4,At Risk
1354,190,4,1446.25,4,4,4,Champions
2470,61,4,1445.57,5,4,4,Champions
429,75,5,1442.71,5,4,4,Champions
2807,794,5,1438.07,1,4,4,Needs Attention
1653,678,3,1431.04,2,4,4,At Risk
110,833,6,1429.2799999999997,1,4,4,Needs Attention
964,636,6,1428.7800000000002,2,4,4,At Risk
328,371,5,1426,3,4,4,At Risk
2080,564,3,1425.23,2,3,4,At Risk
2058,131,6,1422.7599999999998,4,4,4,Champions
2963,517,4,1422.25,2,4,4,At Risk
194,769,3,1420.59,1,3,4,Needs Attention
2865,688,6,1416.66,2,4,4,At Risk
2333,482,3,1416.28,3,3,4,At Risk
1758,104,8,1415.8500000000001,4,5,4,Champions
2010,55,6,1413.99,5,4,4,Champions
1147,660,2,1412.52,2,2,4,Lost
1581,223,10,1411.9499999999998,4,5,4,Champions
1088,711,7,1410.8899999999999,2,5,4,At Risk
1529,245,6,1405.7099999999998,4,5,4,Champions
2117,468,2,1404.81,3,3,4,At Risk
1209,225,7,1403.32,4,5,4,Champions
238,9,4,1402.9099999999999,5,4,4,Champions
657,149,6,1402.63,4,4,4,Champions
2202,137,10,1401.52,4,5,4,Champions
2230,489,2,1397.85,3,3,4,At Risk
2676,213,5,1397.7099999999998,4,4,4,Champions
122,833,2,1397.66,1,2,4,Lost
1506,676,4,1397.06,2,4,4,At Risk
61,1052,3,1395.6599999999999,1,3,4,Needs Attention
1170,111,2,1395.12,4,2,4,New / Promising
367,282,6,1392.59,3,5,4,At Risk
2494,533,6,1391.24,2,4,4,At Risk
1755,694,8,1389.03,2,5,4,At Risk
989,36,4,1388.12,5,4,4,Champions
431,142,3,1387.83,4,3,4,New / Promising
757,230,7,1382.45,4,5,4,Champions
1097,329,6,1380.0400000000002,3,4,4,At Risk
1515,334,6,1379.5,3,4,4,At Risk
2168,194,5,1378.05,4,4,4,Champions
1424,186,3,1376.33,4,4,4,Champions
1214,303,4,1374.77,3,4,4,At Risk
1626,111,3,1373.47,4,3,4,New / Promising
675,87,4,1373,5,4,4,Champions
1319,487,2,1371.26,3,3,4,At Risk
2723,872,5,1369.06,1,4,4,Needs Attention
445,20,5,1368.1000000000001,5,4,4,Champions
1151,784,3,1367.1999999999998,1,3,4,Needs Attention
136,235,4,1359.6599999999999,4,4,4,Champions
1958,802,3,1357.95,1,3,4,Needs Attention
1427,215,3,1353.13,4,3,4,New / Promising
451,343,2,1352.43,3,2,4,Needs Attention
2330,3,1,1352.35,5,1,4,New / Promising
1910,956,3,1351.45,1,3,4,Needs Attention
2121,216,3,1349.5900000000001,4,3,4,New / Promising
2291,341,6,1341.08,3,4,4,At Risk
1661,445,4,1338.81,3,4,4,At Risk
20,42,3,1338.25,5,3,4,New / Promising
1349,234,1,1331.44,4,1,4,New / Promising
1664,815,3,1329.75,1,3,4,Needs Attention
225,255,5,1329.4600000000003,4,4,4,Champions
330,873,5,1324.26,1,4,4,Needs Attention
316,453,5,1318.0500000000002,3,4,4,At Risk
2050,738,3,1317.0500000000002,1,3,4,Needs Attention
1631,15,7,1316.7200000000003,5,5,4,Champions
2249,4,6,1314.71,5,4,4,Champions
2667,658,3,1314,2,3,4,At Risk
586,474,3,1311.4099999999999,3,3,4,At Risk
2693,873,1,1306.24,1,1,4,Lost
1683,826,3,1305.48,1,3,4,Needs Attention
2737,74,3,1302.49,5,4,4,Champions
2869,23,8,1302.31,5,5,4,Champions
2898,38,3,1300.4299999999998,5,3,4,New / Promising
2623,305,9,1296.31,3,5,4,At Risk
201,61,3,1293.53,5,3,4,New / Promising
1705,474,3,1292.44,3,3,4,At Risk
308,666,2,1285.37,2,2,4,Lost
1759,931,2,1282.94,1,3,4,Needs Attention
1932,543,5,1282.22,2,4,4,At Risk
2877,452,5,1280.4299999999998,3,4,4,At Risk
2011,160,4,1280.27,4,4,4,Champions
1379,960,3,1278.96,1,3,4,Needs Attention
2039,96,6,1276.61,4,4,4,Champions
2060,423,1,1275.27,3,1,4,Needs Attention
1829,8,2,1268.8,5,2,4,New / Promising
2051,628,2,1266.6299999999999,2,2,4,Lost
1013,220,3,1263.6399999999999,4,3,4,New / Promising
287,858,3,1256.54,1,3,4,Needs Attention
1425,894,1,1253.7,1,1,4,Lost
2045,419,6,1250.9600000000003,3,4,4,At Risk
1060,525,4,1248.6499999999999,2,4,4,At Risk
2574,38,7,1248.6,5,5,4,Champions
1290,263,3,1247.1799999999998,4,4,4,Champions
1307,602,8,1245.6100000000001,2,5,4,At Risk
2340,697,5,1244.4900000000002,2,4,4,At Risk
1604,506,2,1242.74,2,2,4,Lost
1122,998,3,1242.4900000000002,1,3,4,Needs Attention
1819,248,5,1241.6399999999999,4,4,4,Champions
985,317,5,1240.72,3,4,4,At Risk
1924,19,5,1240.54,5,4,4,Champions
2027,26,5,1239.04,5,4,4,Champions
3,5,2,1235.8700000000001,5,2,4,New / Promising
1575,75,3,1235.8100000000002,5,3,4,New / Promising
1463,793,7,1235.3700000000001,1,5,4,Needs Attention
1972,508,5,1234.79,2,4,4,At Risk
1386,162,2,1230.72,4,2,4,New / Promising
1599,16,6,1230.22,5,4,4,Champions
62,833,7,1226.5700000000002,1,5,4,Needs Attention
693,691,3,1224.31,2,4,4,At Risk
1967,379,4,1223.87,3,4,4,At Risk
489,667,4,1221.16,2,4,4,At Risk
1281,319,6,1217.4299999999998,3,5,4,At Risk
660,676,3,1215.53,2,4,4,At Risk
531,470,6,1215.51,3,5,4,At Risk
197,611,6,1215.47,2,4,4,At Risk
2971,58,5,1213.9499999999998,5,4,4,Champions
233,35,5,1213.16,5,4,4,Champions
527,14,5,1208.23,5,4,4,Champions
2084,446,2,1207.38,3,3,4,At Risk
378,961,3,1203.12,1,3,4,Needs Attention
2375,46,4,1202.98,5,4,4,Champions
1843,145,5,1201.8700000000001,4,4,4,Champions
1154,28,3,1197.7,5,3,4,New / Promising
1236,486,5,1194.9699999999998,3,4,4,At Risk
2977,134,4,1189.77,4,4,4,Champions
446,694,3,1186.3700000000001,2,3,4,At Risk
2871,491,6,1186.1000000000001,3,5,4,At Risk
2546,573,5,1185.21,2,4,4,At Risk
2768,913,2,1185.15,1,2,4,Lost
1699,47,2,1183.6100000000001,5,3,4,New / Promising
1387,487,4,1181.0600000000002,3,4,4,At Risk
2221,453,5,1180.62,3,4,4,At Risk
404,811,2,1177.09,1,3,4,Needs Attention
2390,344,7,1171.6299999999999,3,5,4,At Risk
1006,12,5,1168.77,5,4,4,Champions
2097,1062,2,1167.9299999999998,1,2,4,Lost
1918,184,2,1167.42,4,3,4,New / Promising
1421,719,3,1166.07,2,3,4,At Risk
2228,10,5,1165.42,5,4,4,Champions
1480,756,3,1162.5900000000001,1,3,4,Needs Attention
1311,845,3,1161.77,1,3,4,Needs Attention
1828,465,5,1157.07,3,4,4,At Risk
1548,947,3,1153.8799999999999,1,3,4,Needs Attention
746,461,3,1151.47,3,3,4,At Risk
2688,446,2,1151.22,3,3,4,At Risk
2946,157,6,1150.25,4,4,4,Champions
2525,749,3,1150.21,1,3,4,Needs Attention
1813,795,2,1149.8700000000001,1,3,4,Needs Attention
729,457,5,1148.34,3,4,4,At Risk
2320,459,7,1144.47,3,5,4,At Risk
2561,826,3,1143.41,1,3,4,Needs Attention
1775,208,3,1139.73,4,3,4,New / Promising
2606,598,2,1136.08,2,2,4,Lost
2825,39,6,1135.92,5,4,4,Champions
758,722,3,1135.8600000000001,2,3,4,At Risk
106,899,2,1135.65,1,2,4,Lost
1635,86,3,1135.45,5,3,4,New / Promising
2936,619,4,1134.6399999999999,2,4,4,At Risk
1176,849,3,1134.27,1,3,4,Needs Attention
1899,512,5,1133.7699999999998,2,4,4,At Risk
913,19,3,1132.72,5,3,4,New / Promising
1959,10,2,1130.1799999999998,5,2,4,New / Promising
1632,648,3,1126.63,2,3,4,At Risk
1540,233,3,1124.86,4,3,4,New / Promising
320,927,3,1124.16,1,3,4,Needs Attention
231,839,4,1118.98,1,4,4,Needs Attention
2066,12,2,1118.51,5,2,4,New / Promising
1572,602,6,1117.89,2,4,4,At Risk
2769,381,1,1116.41,3,1,4,Needs Attention
2176,364,2,1115.99,3,2,4,Needs Attention
1267,80,8,1112.9,5,5,4,Champions
1681,867,3,1111.77,1,3,4,Needs Attention
302,393,4,1111.2,3,4,4,At Risk
269,986,2,1109.3700000000001,1,2,4,Lost
2527,712,3,1109.2,2,3,4,At Risk
2133,850,4,1106.45,1,4,4,Needs Attention
452,92,2,1105.91,4,3,4,New / Promising
1802,83,3,1104.8,5,3,4,New / Promising
2455,201,6,1104.02,4,4,4,Champions
1537,639,7,1103.1000000000001,2,5,4,At Risk
1080,105,4,1102.11,4,4,4,Champions
1837,50,5,1101.92,5,4,4,Champions
1641,82,5,1101.53,5,4,4,Champions
1590,965,2,1100.97,1,3,4,Needs Attention
2747,190,5,1100.0900000000001,4,4,4,Champions
972,808,2,1099.95,1,3,4,Needs Attention
1687,58,3,1098.32,5,3,4,New / Promising
1900,250,3,1097.82,4,3,4,New / Promising
2262,6,5,1094.49,5,4,4,Champions
2509,177,5,1094.03,4,4,4,Champions
2227,312,3,1093.12,3,3,3,At Risk
2354,94,3,1092.1000000000001,4,3,3,New / Promising
2687,1005,2,1091.05,1,2,3,Lost
1734,313,3,1090.49,3,3,3,At Risk
2531,763,7,1084.6100000000001,1,5,3,Needs Attention
2621,187,2,1080.82,4,3,3,New / Promising
2217,156,3,1079.54,4,3,3,New / Promising
2163,396,3,1078.6100000000001,3,3,3,At Risk
1503,496,4,1077.69,3,4,3,At Risk
50,143,5,1076.84,4,4,3,Champions
402,5,3,1072.65,5,3,3,New / Promising
587,720,2,1069.19,2,2,3,Lost
2973,345,6,1068.95,3,4,3,At Risk
1228,690,2,1067.43,2,2,3,Lost
67,384,3,1067.02,3,3,3,At Risk
805,899,2,1065.3200000000002,1,2,3,Lost
93,31,4,1060.3700000000001,5,4,3,Champions
280,766,2,1053.79,1,3,3,Needs Attention
2859,107,3,1053.77,4,3,3,New / Promising
2245,232,5,1053.09,4,4,3,Champions
588,170,1,1049.8,4,1,3,New / Promising
33,865,2,1047.88,1,2,3,Lost
473,870,3,1044.01,1,3,3,Needs Attention
1394,24,3,1043.19,5,3,3,New / Promising
2575,904,3,1042.3000000000002,1,3,3,Needs Attention
995,82,3,1041.81,5,3,3,New / Promising
2149,73,2,1039.74,5,2,3,New / Promising
1866,243,4,1039.1200000000001,4,4,3,Champions
2685,860,2,1038.58,1,2,3,Lost
2448,695,2,1038.39,2,2,3,Lost
2013,223,1,1037.51,4,1,3,New / Promising
498,710,3,1036.6999999999998,2,3,3,At Risk
2960,692,2,1035.18,2,2,3,Lost
1276,731,6,1034.31,2,5,3,At Risk
1622,307,5,1032.28,3,4,3,At Risk
1263,216,3,1030.1699999999998,4,3,3,New / Promising
1908,136,2,1029.91,4,2,3,New / Promising
1821,610,2,1026.92,2,2,3,Lost
1721,148,5,1026.1,4,4,3,Champions
1030,649,7,1024.68,2,5,3,At Risk
278,702,1,1024.66,2,2,3,Lost
916,191,2,1024.05,4,3,3,New / Promising
2568,433,2,1022.5,3,3,3,At Risk
144,613,3,1022.5,2,3,3,At Risk
1867,648,3,1021.4399999999999,2,3,3,At Risk
1069,905,2,1020.55,1,2,3,Lost
75,278,2,1019.44,4,2,3,New / Promising
479,63,4,1017.46,5,4,3,Champions
2180,391,7,1017.3499999999999,3,5,3,At Risk
1144,341,4,1016.96,3,4,3,At Risk
432,676,4,1015.83,2,4,3,At Risk
667,897,4,1013.47,1,4,3,Needs Attention
680,739,3,1013.4099999999999,1,3,3,Needs Attention
2659,210,3,1012.3499999999999,4,3,3,New / Promising
2652,476,6,1012.08,3,5,3,At Risk
1508,974,3,1010.38,1,3,3,Needs Attention
761,338,2,1010.32,3,2,3,Needs Attention
1679,317,2,1010.09,3,2,3,Needs Attention
52,179,2,1004.77,4,3,3,New / Promising
1647,474,3,1002.73,3,3,3,At Risk
802,701,1,1000.89,2,2,3,Lost
2193,444,5,1000.85,3,4,3,At Risk
1676,936,3,1000.2700000000001,1,3,3,Needs Attention
1689,3,4,992.62,5,4,3,Champions
1344,740,3,990.36,1,3,3,Needs Attention
2666,795,5,988.72,1,4,3,Needs Attention
1947,711,4,988.7,2,4,3,At Risk
511,908,4,987.96999999999991,1,4,3,Needs Attention
1202,60,6,984.04,5,4,3,Champions
297,677,2,981.3,2,2,3,Lost
742,29,2,980.98,5,2,3,New / Promising
2332,37,2,978.04000000000008,5,3,3,New / Promising
1,407,4,976.04,3,4,3,At Risk
1535,274,6,972.75,4,5,3,Champions
2392,374,1,967.07,3,1,3,Needs Attention
2255,582,2,962.22,2,2,3,Lost
2106,559,4,960.82,2,4,3,At Risk
2172,457,7,960.59999999999991,3,5,3,At Risk
867,75,2,960.05,5,3,3,New / Promising
2861,360,5,959.08,3,4,3,At Risk
1602,132,6,958.62,4,4,3,Champions
2627,526,3,950.10000000000014,2,3,3,At Risk
726,418,3,945.16,3,3,3,At Risk
2787,480,3,944.5,3,3,3,At Risk
694,1009,3,943.19,1,3,3,Needs Attention
2647,72,3,940.88,5,3,3,New / Promising
2781,107,1,940.66,4,1,3,New / Promising
2880,482,3,940.45,3,3,3,At Risk
1046,803,5,935.54,1,4,3,Needs Attention
2357,782,4,935.46,1,4,3,Needs Attention
1010,751,4,935.32999999999993,1,4,3,Needs Attention
2134,755,4,935.21,1,4,3,Needs Attention
1579,31,4,935.17,5,4,3,Champions
182,409,2,933.92000000000007,3,3,3,At Risk
2240,592,2,933.8,2,2,3,Lost
2710,357,2,931.75,3,2,3,Needs Attention
472,255,4,931.55,4,4,3,Champions
2681,612,4,930.52,2,4,3,At Risk
1998,235,4,928.88,4,4,3,Champions
607,560,1,926.38,2,1,3,Lost
2655,480,3,924.88,3,3,3,At Risk
2415,776,2,924.46,1,3,3,Needs Attention
1336,25,2,923.43999999999994,5,2,3,New / Promising
1149,430,3,922.22,3,3,3,At Risk
624,596,1,920.38,2,2,3,Lost
2734,236,3,918.43000000000006,4,3,3,New / Promising
2972,601,5,915.38,2,4,3,At Risk
2353,63,4,914.36999999999989,5,4,3,Champions
461,16,2,912.90000000000009,5,2,3,New / Promising
2085,412,1,911.82,3,1,3,Needs Attention
2169,704,3,909.62,2,3,3,At Risk
2882,293,3,906.95999999999992,3,3,3,At Risk
1294,711,4,906.52,2,4,3,At Risk
845,470,1,905.61,3,1,3,Needs Attention
1513,536,3,904.59999999999991,2,3,3,At Risk
2199,141,3,902.09,4,3,3,New / Promising
2393,473,3,901.49,3,4,3,At Risk
1849,28,6,901.18000000000006,5,4,3,Champions
1700,39,5,899.61999999999989,5,4,3,Champions
1771,773,2,898.83,1,3,3,Needs Attention
701,13,2,892.93,5,2,3,New / Promising
1608,766,2,892.90000000000009,1,3,3,Needs Attention
518,387,4,890.04,3,4,3,At Risk
543,710,2,889.99,2,2,3,Lost
1108,359,1,889.62,3,1,3,Needs Attention
2614,506,2,888.98,2,2,3,Lost
2032,1038,2,887.41,1,2,3,Lost
2635,172,1,885.27,4,1,3,New / Promising
2570,977,4,884.7,1,4,3,Needs Attention
1135,86,5,884.55,5,4,3,Champions
193,77,3,884.43000000000006,5,3,3,New / Promising
2545,452,2,884.31,3,3,3,At Risk
1048,728,2,883.97,2,2,3,Lost
219,617,2,882.40000000000009,2,2,3,Lost
2754,184,2,881.17000000000007,4,3,3,New / Promising
1415,915,3,878.84,1,3,3,Needs Attention
2560,124,4,877.63,4,4,3,Champions
1280,552,2,875.75,2,2,3,Lost
582,51,2,875.05000000000007,5,3,3,New / Promising
791,902,2,874.11,1,2,3,Lost
1384,427,5,869.69,3,4,3,At Risk
59,252,3,869.65000000000009,4,3,3,New / Promising
397,28,4,869.15,5,4,3,Champions
869,44,4,869.01,5,4,3,Champions
935,14,5,868.73,5,4,3,Champions
267,44,5,866.58,5,4,3,Champions
1076,650,3,866.13999999999987,2,3,3,At Risk
2573,1,2,865.76,5,2,3,New / Promising
1342,614,3,865.18000000000006,2,3,3,At Risk
2654,928,3,861.21,1,3,3,Needs Attention
2298,187,8,860.56000000000017,4,5,3,Champions
1560,178,3,860.01,4,3,3,New / Promising
2639,143,4,858.46,4,4,3,Champions
2828,342,3,857.59,3,3,3,At Risk
1436,160,5,857.25999999999988,4,4,3,Champions
1761,1033,3,856.66,1,3,3,Needs Attention
2465,883,1,855.01,1,1,3,Lost
1856,581,4,854.83999999999992,2,4,3,At Risk
2611,92,3,854.05,4,3,3,New / Promising
2349,169,3,852.87,4,3,3,New / Promising
823,753,6,851.6400000000001,1,5,3,Needs Attention
896,269,2,851.4,4,3,3,New / Promising
2138,827,2,850.06,1,3,3,Needs Attention
920,323,5,849.84999999999991,3,4,3,At Risk
458,210,3,846.46,4,3,3,New / Promising
725,820,2,842.37,1,3,3,Needs Attention
299,522,3,840.09999999999991,2,3,3,At Risk
2931,379,3,839.97,3,3,3,At Risk
728,332,6,838.1,3,4,3,At Risk
1884,386,2,834.92,3,3,3,At Risk
2241,178,3,828.61,4,3,3,New / Promising
2921,363,3,823.58,3,3,3,At Risk
1393,748,2,821.16000000000008,1,2,3,Lost
636,856,2,816.7,1,2,3,Lost
610,83,2,814.17,5,2,3,New / Promising
2702,718,3,813.04,2,3,3,At Risk
162,967,2,807.65,1,2,3,Lost
2852,50,5,801.52,5,4,3,Champions
2576,944,4,800.78,1,4,3,Needs Attention
2474,335,3,800.27,3,3,3,At Risk
1203,465,2,798.64,3,3,3,At Risk
2148,401,5,797.77,3,4,3,At Risk
2263,10,4,796.96,5,4,3,Champions
2130,438,6,794.22,3,4,3,At Risk
2757,23,2,794.06000000000006,5,2,3,New / Promising
1045,139,2,793.57,4,2,3,New / Promising
1727,251,3,792.76,4,3,3,New / Promising
160,638,2,791.18000000000006,2,2,3,Lost
2918,357,2,788.65,3,2,3,Needs Attention
1718,1005,3,788.12,1,3,3,Needs Attention
1501,376,3,788.03,3,3,3,At Risk
626,713,7,787.7700000000001,2,5,3,At Risk
2162,290,3,787.62,3,3,3,At Risk
627,175,4,786.39,4,4,3,Champions
2098,127,3,786.33,4,4,3,Champions
2668,20,3,783.76,5,3,3,New / Promising
1136,926,2,783.41000000000008,1,2,3,Lost
493,333,3,783.18000000000006,3,3,3,At Risk
2317,558,2,782.2299999999999,2,2,3,Lost
2334,360,1,780.26,3,1,3,Needs Attention
349,374,3,780.14,3,3,3,At Risk
245,373,2,780.07999999999993,3,2,3,Needs Attention
1875,18,4,777.79,5,4,3,Champions
1753,123,2,776.89,4,2,3,New / Promising
1530,572,2,776.07,2,2,3,Lost
385,835,4,773.56,1,4,3,Needs Attention
1306,33,3,772.26,5,3,3,New / Promising
2713,274,5,769.12,4,4,3,Champions
931,465,2,768.59,3,3,3,At Risk
2827,362,3,768.56999999999994,3,3,3,At Risk
1988,734,2,766.63,1,2,3,Lost
843,487,3,765.98,3,3,3,At Risk
1897,39,4,764.89,5,4,3,Champions
1388,904,2,764.63,1,2,3,Lost
151,369,2,764.06,3,2,3,Needs Attention
670,31,2,763.35,5,2,3,New / Promising
910,650,2,760.85,2,2,3,Lost
1615,929,2,760.67000000000007,1,2,3,Lost
1713,129,1,760.59,4,1,3,New / Promising
1437,763,3,754.9,1,3,3,Needs Attention
153,208,1,753.15,4,1,3,New / Promising
1477,31,3,753.13,5,3,3,New / Promising
2547,133,2,751.1,4,2,3,New / Promising
2203,147,2,750.31999999999994,4,2,3,New / Promising
1337,205,4,749.6,4,4,3,Champions
322,420,5,748.95999999999992,3,4,3,At Risk
1741,356,4,748.34,3,4,3,At Risk
2735,741,1,747.47,1,1,3,Lost
457,244,2,745.87,4,2,3,New / Promising
1079,88,2,745.75,5,3,3,New / Promising
217,445,3,743.74,3,3,3,At Risk
421,229,3,743.67000000000007,4,3,3,New / Promising
1909,170,4,742.44999999999993,4,4,3,Champions
1797,530,3,737.27,2,3,3,At Risk
2875,809,2,735.8900000000001,1,3,3,Needs Attention
389,23,3,735.28,5,3,3,New / Promising
1888,992,3,733.51999999999987,1,3,3,Needs Attention
952,459,3,733.2,3,3,3,At Risk
2942,638,2,732.09,2,2,3,Lost
315,365,1,731.4,3,1,3,Needs Attention
255,399,4,731.37999999999988,3,4,3,At Risk
1341,243,4,729.79,4,4,3,Champions
1081,126,4,727.94999999999993,4,4,3,Champions
2605,21,2,725.9,5,2,3,New / Promising
465,828,6,724.09,1,4,3,Needs Attention
1352,357,2,721.27,3,2,3,Needs Attention
563,318,3,721.24,3,3,3,At Risk
492,572,2,719.1400000000001,2,2,3,Lost
167,593,3,718.54,2,3,3,At Risk
2858,375,2,717.82,3,2,3,Needs Attention
2382,769,3,717.69,1,3,3,Needs Attention
817,886,2,716.45,1,2,3,Lost
898,334,1,715.46,3,1,3,Needs Attention
863,300,3,714.73,3,3,3,At Risk
1042,196,1,714.39,4,1,3,New / Promising
1085,625,1,714.26,2,2,3,Lost
2165,434,4,713.27,3,4,3,At Risk
1956,926,1,709.37,1,1,3,Lost
1091,541,4,708.26,2,4,3,At Risk
803,89,3,707.87,4,3,3,New / Promising
1703,805,3,707.53,1,3,3,Needs Attention
1112,633,2,707.27,2,2,3,Lost
2472,314,3,706.93999999999994,3,3,3,At Risk
113,99,2,706.38,4,3,3,New / Promising
5,75,3,705.2,5,4,3,Champions
921,678,2,704.56,2,2,3,Lost
524,762,2,704.22,1,2,3,Lost
1448,19,1,702.76,5,2,3,New / Promising
1333,959,3,700.48,1,3,3,Needs Attention
1345,525,3,699.75999999999988,2,3,3,At Risk
1003,3,3,699.53000000000009,5,3,3,New / Promising
1666,99,4,699.25000000000011,4,4,3,Champions
2247,851,2,698.45,1,2,3,Lost
1464,838,1,698.01,1,1,3,Lost
1035,368,2,697.89,3,2,3,Needs Attention
629,4,2,697.42000000000007,5,3,3,New / Promising
1062,358,4,695.98,3,4,3,At Risk
104,915,4,694.51,1,4,3,Needs Attention
713,752,4,694.36,1,4,3,Needs Attention
1238,21,4,693.64,5,4,3,Champions
1476,869,1,693.31,1,1,3,Lost
1171,985,2,689.95999999999992,1,2,3,Lost
2692,420,4,689.01,3,4,3,At Risk
1130,876,2,687.99,1,2,3,Lost
2565,653,3,687.86,2,3,3,At Risk
374,840,3,687.31000000000006,1,3,3,Needs Attention
1175,933,1,686.74,1,1,3,Lost
784,802,3,686.72,1,3,3,Needs Attention
2630,485,3,686.47,3,3,3,At Risk
2644,153,3,684.89,4,3,3,New / Promising
577,303,1,684.4,3,1,3,Needs Attention
705,634,2,684.28,2,2,3,Lost
10,32,2,683.79,5,2,3,New / Promising
1507,17,1,683.39,5,2,3,New / Promising
1789,259,3,682.87000000000012,4,3,3,New / Promising
371,478,3,682.87,3,3,3,At Risk
1371,331,5,681.25000000000011,3,4,3,At Risk
2998,922,2,680.83,1,2,3,Lost
2462,75,3,680.42,5,4,3,Champions
1128,170,2,679.6,4,2,3,New / Promising
2507,816,2,679.33,1,3,3,Needs Attention
1070,532,3,679.22,2,3,3,At Risk
364,331,2,678.02,3,2,3,Needs Attention
932,1021,2,677.69,1,2,3,Lost
2884,233,2,675.9,4,2,3,New / Promising
207,10,2,674.07,5,2,3,New / Promising
552,162,2,674.06,4,2,3,New / Promising
1525,281,1,673.69,3,1,3,Needs Attention
2044,353,3,673.26,3,3,3,At Risk
2528,642,1,672.93,2,2,3,Lost
1223,650,1,671.24,2,2,3,Lost
249,247,2,668.36,4,2,3,New / Promising
1221,70,2,667.31,5,2,3,New / Promising
1891,722,7,666.19999999999993,2,5,3,At Risk
612,512,4,665.66000000000008,2,4,3,At Risk
2583,213,2,665,4,3,3,New / Promising
1636,793,1,663.33,1,1,3,Lost
754,26,3,662.72,5,3,3,New / Promising
226,349,1,662.21,3,1,3,Needs Attention
2064,893,5,660.6,1,4,3,Needs Attention
1511,399,4,658.34,3,4,3,At Risk
2677,60,3,656.3599999999999,5,3,3,New / Promising
2122,16,4,655.61,5,4,3,Champions
1056,187,3,654.8,4,3,3,New / Promising
1629,812,2,653.2,1,3,3,Needs Attention
453,24,2,648.01,5,2,3,New / Promising
1850,20,4,647.57999999999993,5,4,3,Champions
1709,109,2,644.86,4,2,3,New / Promising
1833,576,1,642.32,2,1,3,Lost
1939,47,3,639.05,5,3,3,New / Promising
265,45,3,636.78,5,3,3,New / Promising
2001,425,1,636.14,3,1,3,Needs Attention
1499,18,2,635.54,5,2,3,New / Promising
1385,191,3,635,4,3,3,New / Promising
85,867,2,634.68000000000006,1,2,3,Lost
1644,479,4,631.9,3,4,3,At Risk
2339,553,2,631.63,2,2,3,Lost
2423,907,2,629.69,1,2,3,Lost
1473,32,3,629.54,5,3,3,New / Promising
2147,584,1,628.68,2,2,3,Lost
2913,281,3,628.08999999999992,3,3,3,At Risk
1825,1,4,626.75999999999988,5,4,3,Champions
2114,647,1,626.56,2,2,3,Lost
282,143,3,624.75,4,3,3,New / Promising
2591,486,1,624.74,3,1,3,Needs Attention
1742,56,3,622.86,5,3,3,New / Promising
2864,401,2,622.0100000000001,3,3,3,At Risk
745,7,5,620.04000000000008,5,4,3,Champions
2766,322,2,619.36,3,2,3,Needs Attention
1218,113,2,618.19,4,2,3,New / Promising
1971,848,2,616.99,1,2,3,Lost
2111,821,2,616.93000000000006,1,3,3,Needs Attention
2554,944,3,616.86,1,3,3,Needs Attention
2073,489,2,615.42,3,3,3,At Risk
1172,162,2,613.42000000000007,4,2,3,New / Promising
795,291,2,612.05,3,2,3,Needs Attention
274,628,2,612.03,2,2,3,Lost
2378,754,2,610.44,1,2,3,Lost
306,935,2,610.3,1,3,3,Needs Attention
2722,11,1,608.76,5,2,3,New / Promising
1343,52,1,607.72,5,1,3,New / Promising
1483,192,1,605.85,4,1,3,New / Promising
1948,22,2,605.67,5,2,3,New / Promising
2917,289,2,603.7,3,2,2,Needs Attention
1237,4,4,600.86,5,4,2,Champions
118,422,2,599.53,3,3,2,At Risk
1559,295,2,597.1,3,2,2,Needs Attention
2637,909,1,596.27,1,1,2,Lost
370,62,2,592.23,5,2,2,New / Promising
2391,140,4,591.76,4,4,2,Champions
1552,170,1,590.64,4,1,2,New / Promising
1707,1013,2,590.45,1,2,2,Lost
1338,845,2,589.44,1,2,2,Lost
1839,409,3,589.37,3,3,2,At Risk
1139,631,2,588.57,2,2,2,Lost
1845,838,2,586.06,1,2,2,Lost
2952,52,1,585.88,5,1,2,New / Promising
88,835,3,585.4,1,3,2,Needs Attention
2738,723,1,584.61,2,2,2,Lost
2471,34,2,582.98,5,3,2,New / Promising
1330,717,2,582.71,2,2,2,Lost
516,278,1,582.34,3,1,2,Needs Attention
1820,706,3,578.55,2,3,2,At Risk
883,621,1,577.72,2,2,2,Lost
2526,99,1,577.21,4,1,2,New / Promising
2461,914,2,576.21,1,2,2,Lost
2664,564,1,574.93,2,1,2,Lost
820,1016,1,570.55,1,1,2,Lost
1768,282,2,570.24,3,2,2,Needs Attention
2603,500,2,568.66,2,2,2,Lost
2372,539,3,568.07,2,3,2,At Risk
1184,683,1,567.35,2,2,2,Lost
283,671,2,565.73,2,2,2,Lost
2656,441,2,564.87,3,3,2,At Risk
2188,535,1,564.63,2,1,2,Lost
2817,366,3,564.18000000000006,3,3,2,At Risk
2052,483,1,563.83,3,1,2,Needs Attention
1466,461,3,562.83,3,3,2,At Risk
833,80,4,560.94999999999993,5,4,2,Champions
2991,823,2,558.16,1,3,2,Needs Attention
2986,651,3,556.26,2,3,2,At Risk
2473,573,1,555.31,2,1,2,Lost
1986,168,2,554.79,4,2,2,New / Promising
1935,20,2,551.81999999999994,5,2,2,New / Promising
1233,833,3,551.1,1,3,2,Needs Attention
1878,557,2,551.02,2,2,2,Lost
2868,511,3,549.29,2,3,2,At Risk
323,24,2,549.28,5,2,2,New / Promising
1100,461,2,548.3,3,3,2,At Risk
224,418,1,547.93,3,1,2,Needs Attention
2815,494,3,547.48,3,3,2,At Risk
1192,727,2,546.76,2,2,2,Lost
229,348,2,546.66000000000008,3,2,2,Needs Attention
99,57,4,545.66,5,4,2,Champions
2649,444,2,544.87,3,3,2,At Risk
835,489,2,544.79,3,3,2,At Risk
369,920,3,544.09,1,3,2,Needs Attention
2412,940,3,543.94999999999993,1,3,2,Needs Attention
1944,92,2,543.57,4,3,2,New / Promising
879,341,2,542.74,3,2,2,Needs Attention
2065,29,3,542.37,5,3,2,New / Promising
559,16,2,540.37,5,2,2,New / Promising
973,138,2,539.81999999999994,4,2,2,New / Promising
2750,887,1,538.8,1,1,2,Lost
2950,421,1,538.37,3,1,2,Needs Attention
2209,279,2,535.84,3,2,2,Needs Attention
2095,1009,1,535.67,1,1,2,Lost
743,3,1,535.51,5,1,2,New / Promising
237,546,2,535.3,2,2,2,Lost
2482,426,2,533.78,3,3,2,At Risk
150,342,2,533.76,3,2,2,Needs Attention
2741,1051,4,532.57999999999993,1,4,2,Needs Attention
1706,577,2,531.8,2,2,2,Lost
2600,144,2,531.5,4,2,2,New / Promising
2467,85,2,531.39,5,2,2,New / Promising
276,770,3,531.18000000000006,1,3,2,Needs Attention
1824,198,6,530.62,4,4,2,Champions
1439,144,2,527.91,4,2,2,New / Promising
430,346,1,527.42,3,1,2,Needs Attention
1402,959,1,527.12,1,1,2,Lost
2464,65,1,526.94,5,1,2,New / Promising
1964,1030,1,524.96,1,1,2,Lost
1869,378,2,524.8,3,3,2,At Risk
2296,379,2,524.1,3,3,2,At Risk
2206,211,2,523.58,4,3,2,New / Promising
2439,847,1,523.16,1,1,2,Lost
2408,558,2,521.95999999999992,2,2,2,Lost
159,909,3,520.72,1,3,2,Needs Attention
2544,624,3,519.97,2,3,2,At Risk
1064,780,1,518.86,1,1,2,Lost
368,245,2,518.62,4,2,2,New / Promising
388,450,3,518.12,3,3,2,At Risk
2049,52,4,517.81,5,4,2,Champions
1355,1028,2,517.07,1,2,2,Lost
2103,555,2,514.79,2,2,2,Lost
405,471,4,513.59,3,4,2,At Risk
2955,816,3,510.63,1,3,2,Needs Attention
2553,10,2,510.57000000000005,5,2,2,New / Promising
2646,1014,3,510.14,1,3,2,Needs Attention
44,603,3,509.8,2,3,2,At Risk
553,998,1,509.02,1,1,2,Lost
2580,969,2,506.89,1,2,2,Lost
2232,109,5,506.53000000000003,4,4,2,Champions
1527,410,1,506.18,3,1,2,Needs Attention
1278,841,2,503.56,1,2,2,Lost
177,133,4,500.43999999999994,4,4,2,Champions
798,917,4,499.92,1,4,2,Needs Attention
1702,486,2,499.51,3,3,2,At Risk
1040,0,4,499.18,5,4,2,Champions
1645,405,3,499.02000000000004,3,3,2,At Risk
1781,300,3,499.02,3,3,2,At Risk
2590,98,2,498.68999999999994,4,3,2,New / Promising
669,72,2,498.32,5,2,2,New / Promising
1904,1003,2,496.79999999999995,1,2,2,Lost
1391,938,2,496.39,1,3,2,Needs Attention
2216,920,3,495.43,1,3,2,Needs Attention
2844,875,2,494.88,1,2,2,Lost
1148,692,2,494.51,2,2,2,Lost
2088,941,3,494.3,1,3,2,Needs Attention
865,816,1,492.33,1,1,2,Lost
485,573,3,491.05,2,3,2,At Risk
1331,154,2,489.87,4,2,2,New / Promising
1368,860,3,488.43,1,3,2,Needs Attention
401,748,2,486.40999999999997,1,2,2,Lost
116,60,4,485.39,5,4,2,Champions
1305,627,2,484.69,2,2,2,Lost
145,925,3,483.95000000000005,1,3,2,Needs Attention
204,91,1,482.76,4,1,2,New / Promising
1061,438,2,482.56,3,3,2,At Risk
2038,265,4,482.46000000000004,4,4,2,Champions
290,575,3,481.64000000000004,2,3,2,At Risk
628,515,2,481.6,2,2,2,Lost
2094,540,3,478.97,2,3,2,At Risk
487,45,3,478.49,5,3,2,New / Promising
2302,649,1,475.92,2,2,2,Lost
408,322,2,475.55,3,2,2,Needs Attention
1898,802,2,474.96,1,3,2,Needs Attention
1633,191,1,474.68,4,1,2,New / Promising
1585,219,4,473.66,4,4,2,Champions
1360,306,1,472.82,3,1,2,Needs Attention
1253,657,1,472.65,2,2,2,Lost
2258,722,2,470.59000000000003,2,2,2,Lost
686,307,3,468.75,3,3,2,At Risk
2872,90,2,467.58000000000004,4,3,2,New / Promising
1075,849,2,466.96000000000004,1,2,2,Lost
671,28,2,466.3,5,2,2,New / Promising
944,41,3,466.04,5,3,2,New / Promising
643,173,2,465.12,4,2,2,New / Promising
2496,866,1,464.66,1,1,2,Lost
2727,1060,1,464.32,1,1,2,Lost
1471,1002,2,463.67999999999995,1,2,2,Lost
1979,133,2,463.67,4,2,2,New / Promising
1846,1006,2,463.61,1,2,2,Lost
1925,296,1,463.2,3,1,2,Needs Attention
2927,157,4,462.03999999999996,4,4,2,Champions
1574,18,3,461.84,5,3,2,New / Promising
362,427,2,461.7,3,3,2,At Risk
990,513,3,460.18999999999994,2,3,2,At Risk
393,147,3,458.38,4,3,2,New / Promising
1870,152,2,457.8,4,2,2,New / Promising
756,854,4,456.41,1,4,2,Needs Attention
1157,362,3,455.27,3,3,2,At Risk
2780,51,2,455.21000000000004,5,2,2,New / Promising
2219,805,1,454.96,1,1,2,Lost
1538,419,2,453.96000000000004,3,3,2,At Risk
1378,356,1,451.17,3,1,2,Needs Attention
2079,643,3,447.79999999999995,2,3,2,At Risk
2551,947,3,445.09000000000003,1,3,2,Needs Attention
2984,434,1,442.99,3,1,2,Needs Attention
1093,11,2,442.59999999999997,5,2,2,New / Promising
2315,581,2,442.06,2,2,2,Lost
2597,302,2,441.90999999999997,3,2,2,Needs Attention
2279,994,2,440.95,1,2,2,Lost
1773,896,2,440.72,1,2,2,Lost
2562,558,2,440.36,2,2,2,Lost
1520,753,3,439.02,1,3,2,Needs Attention
1222,931,2,438.58000000000004,1,3,2,Needs Attention
256,454,2,437.99,3,3,2,At Risk
992,1032,3,437.4,1,3,2,Needs Attention
1921,215,3,436.39,4,3,2,New / Promising
782,133,1,435.68,4,1,2,New / Promising
873,764,1,434.49,1,1,2,Lost
1745,537,1,433.59,2,1,2,Lost
2678,683,1,430.59,2,2,2,Lost
1300,744,4,429.23,1,4,2,Needs Attention
1293,31,1,428.22,5,1,2,New / Promising
387,83,1,426.96,5,1,2,New / Promising
1586,643,3,426.85,2,3,2,At Risk
2602,830,2,426.36,1,2,2,Lost
2469,61,3,425.63000000000005,5,3,2,New / Promising
2696,260,2,425.51,4,2,2,New / Promising
1058,108,3,424.4,4,3,2,New / Promising
1665,68,2,423.85,5,2,2,New / Promising
609,706,2,422.46000000000004,2,2,2,Lost
42,949,1,422.44,1,1,2,Lost
2874,931,2,422.31,1,3,2,Needs Attention
1550,43,2,420.57,5,2,2,New / Promising
1872,306,1,420.32,3,1,2,Needs Attention
2673,153,1,419.63,4,1,2,New / Promising
877,1072,1,417.22,1,1,2,Lost
1205,493,2,415.75,3,3,2,At Risk
1431,1027,1,415.73,1,1,2,Lost
580,450,2,415.47,3,3,2,At Risk
484,441,2,414.19,3,3,2,At Risk
270,200,2,413.32,4,3,2,New / Promising
771,206,2,412.36,4,3,2,New / Promising
1146,375,1,412.32,3,1,2,Needs Attention
1428,52,3,408.59999999999997,5,3,2,New / Promising
1589,974,1,407.94,1,1,2,Lost
1018,822,1,407.79,1,1,2,Lost
796,891,1,407.27,1,1,2,Lost
1257,295,1,407.18,3,1,2,Needs Attention
215,41,2,406.94000000000005,5,3,2,New / Promising
1638,819,1,406.48,1,1,2,Lost
1760,730,2,404.33000000000004,2,2,2,Lost
481,697,2,403.67,2,2,2,Lost
2446,857,1,402.72,1,1,2,Lost
977,746,1,399.78,1,1,2,Lost
1798,941,2,398.36,1,3,2,Needs Attention
1993,961,2,398.12,1,3,2,Needs Attention
311,85,1,396.53,5,1,2,New / Promising
1110,698,1,396.4,2,2,2,Lost
494,424,2,396.09000000000003,3,3,2,At Risk
842,79,1,393.73,5,1,2,New / Promising
1219,427,1,392.69,3,1,2,Needs Attention
435,140,1,392.06,4,1,2,New / Promising
1204,290,5,388.22,3,4,2,At Risk
1395,119,1,384.73,4,1,2,New / Promising
1492,452,4,383.99,3,4,2,At Risk
65,61,2,383.85,5,2,2,New / Promising
1784,24,4,383.23999999999995,5,4,2,Champions
785,955,2,382.78,1,3,2,Needs Attention
161,259,2,382.45,4,2,2,New / Promising
179,560,2,381.75,2,2,2,Lost
2745,547,4,379.32000000000005,2,4,2,At Risk
1099,486,1,379.08,3,1,2,Needs Attention
2061,280,2,378.92,3,2,2,Needs Attention
415,70,4,378.91,5,4,2,Champions
1461,287,2,378.36,3,2,2,Needs Attention
2840,274,1,378.21,4,1,2,New / Promising
1851,285,4,377.82000000000005,3,4,2,At Risk
1640,782,1,377.53,1,1,2,Lost
1545,355,1,374.5,3,1,2,Needs Attention
980,293,2,373.62,3,2,2,Needs Attention
2037,644,3,372.84000000000003,2,3,2,At Risk
455,732,2,372.4,2,2,2,Lost
2552,22,1,371.78,5,2,2,New / Promising
1950,973,1,371.6,1,1,2,Lost
2225,756,1,369.78,1,1,2,Lost
2198,171,2,369.65999999999997,4,2,2,New / Promising
2932,327,1,369.5,3,1,2,Needs Attention
735,916,3,369.37,1,3,2,Needs Attention
1984,256,1,368.9,4,1,2,New / Promising
2399,412,1,368.32,3,1,2,Needs Attention
2093,933,1,368.24,1,1,2,Lost
2484,88,1,367.78,5,1,2,New / Promising
1303,553,2,367.17999999999995,2,2,2,Lost
1601,14,2,366.17999999999995,5,2,2,New / Promising
1262,590,2,366.15,2,2,2,Lost
882,544,2,364.53,2,2,2,Lost
914,992,2,363.37,1,2,2,Lost
699,753,1,363.32,1,1,2,Lost
2311,20,1,362.93,5,2,2,New / Promising
641,106,1,362.9,4,1,2,New / Promising
1361,428,1,362.78,3,1,2,Needs Attention
2616,889,1,362.36,1,1,2,Lost
239,894,2,362.06,1,2,2,Lost
849,869,2,360.28000000000003,1,2,2,Lost
2671,1024,1,359.76,1,1,2,Lost
1620,780,1,359.54,1,1,2,Lost
1224,44,1,355.31,5,1,2,New / Promising
2369,68,3,354.71999999999997,5,3,2,New / Promising
333,932,1,354.33,1,1,2,Lost
2306,1019,2,352.29,1,2,2,Lost
411,921,1,351.3,1,1,2,Lost
871,385,3,350.28,3,3,2,At Risk
2346,964,2,349.68,1,3,2,Needs Attention
821,924,2,348.47,1,2,2,Lost
2848,1046,1,348.45,1,1,2,Lost
1207,60,1,348.07,5,1,2,New / Promising
971,153,2,347.46,4,2,2,New / Promising
874,419,2,347.29,3,3,2,At Risk
1659,654,2,347.01,2,2,2,Lost
1874,553,2,346.88,2,2,2,Lost
1943,560,2,346.88,2,2,2,Lost
1655,682,2,346.12,2,2,2,Lost
2674,526,2,345.78999999999996,2,2,2,Lost
723,459,2,344.62,3,3,2,At Risk
1772,137,2,342.98,4,2,2,New / Promising
2006,106,1,342.5,4,1,2,New / Promising
1556,778,1,341.92,1,1,2,Lost
2215,513,2,341.59000000000003,2,2,2,Lost
1191,888,1,340.14,1,1,2,Lost
2277,41,1,339.8,5,1,2,New / Promising
17,186,1,338.34,4,1,2,New / Promising
253,250,1,338.01,4,1,2,New / Promising
98,342,3,337.49,3,3,2,At Risk
1571,80,3,336.95,5,3,2,New / Promising
260,644,3,336.65,2,3,2,At Risk
342,615,4,336.17,2,4,2,At Risk
406,489,1,336.12,3,1,2,Needs Attention
2536,159,2,335.86,4,2,2,New / Promising
1997,185,1,335.62,4,1,2,New / Promising
662,897,1,335.62,1,1,2,Lost
2912,146,2,333.71,4,2,2,New / Promising
2684,668,2,333.63,2,2,2,Lost
108,2,1,333.25,5,1,2,New / Promising
169,659,1,333.11,2,2,2,Lost
2941,156,1,332.82,4,1,2,New / Promising
2125,489,3,331.43,3,3,2,At Risk
2028,2,3,330.67,5,3,2,New / Promising
2479,331,2,329.82,3,2,2,Needs Attention
2343,36,2,329.31,5,3,2,New / Promising
27,95,1,327.7,4,1,2,New / Promising
946,484,3,327.1,3,3,2,At Risk
222,405,1,326.73,3,1,2,Needs Attention
1142,999,1,326.36,1,1,2,Lost
1847,977,2,324.90999999999997,1,2,2,Lost
248,2,2,324.02000000000004,5,3,2,New / Promising
707,32,1,323.98,5,1,2,New / Promising
1268,21,1,323.83,5,2,2,New / Promising
569,1071,1,323.56,1,1,2,Lost
2457,811,2,323.33000000000004,1,3,2,Needs Attention
2109,865,1,323.18,1,1,2,Lost
1243,884,1,322.88,1,1,2,Lost
1637,596,1,321.35,2,2,2,Lost
459,506,1,321.3,2,1,2,Lost
2426,140,2,319.86,4,2,2,New / Promising
547,26,1,318.95,5,1,2,New / Promising
790,133,5,318.43,4,4,2,Champions
1832,123,1,317.8,4,1,2,New / Promising
77,474,2,317.64,3,3,2,At Risk
2524,15,1,314.07,5,2,2,New / Promising
1966,821,3,312.03999999999996,1,3,2,Needs Attention
717,1079,2,308.95,1,3,2,Needs Attention
2695,836,2,308.74,1,2,2,Lost
1390,449,1,308.65,3,1,2,Needs Attention
579,572,2,308.63,2,2,2,Lost
505,486,3,308.41,3,3,2,At Risk
433,68,2,306.78000000000003,5,2,2,New / Promising
780,34,2,306.18,5,3,2,New / Promising
770,90,3,305.59000000000003,4,3,2,New / Promising
2067,107,1,304.42,4,1,2,New / Promising
2384,218,2,303.93,4,3,2,New / Promising
560,740,2,303.33000000000004,1,2,2,Lost
2453,1047,2,303.17999999999995,1,2,2,Lost
1143,342,1,302.83,3,1,2,Needs Attention
2057,418,2,302.65999999999997,3,3,2,At Risk
1180,146,2,302.6,4,2,2,New / Promising
1621,292,1,302.06,3,1,2,Needs Attention
351,340,2,299.69,3,2,2,Needs Attention
2625,899,1,299.2,1,1,2,Lost
321,22,3,298.94000000000005,5,3,2,New / Promising
30,928,1,297.78,1,1,2,Lost
2697,23,1,297.75,5,1,2,New / Promising
355,566,1,297.23,2,1,2,Lost
2835,823,1,295.86,1,1,2,Lost
2322,120,1,295.8,4,1,2,New / Promising
1404,853,1,295.39,1,1,2,Lost
2325,119,3,294.86,4,3,2,New / Promising
45,598,1,294.71,2,2,2,Lost
1896,1028,1,294.6,1,1,2,Lost
398,770,1,293.12,1,1,2,Lost
634,724,1,292.94,2,2,2,Lost
94,7,1,292.81,5,1,2,New / Promising
2598,1051,1,292.35,1,1,2,Lost
1057,297,2,292.23,3,2,1,Needs Attention
1098,191,2,289.66,4,3,1,New / Promising
1156,272,1,287.33,4,1,1,New / Promising
240,922,3,287.06,1,3,1,Needs Attention
1374,545,1,286.32,2,1,1,Lost
84,50,2,286.14,5,3,1,New / Promising
1358,579,1,285.79,2,2,1,Lost
2481,351,1,283.65,3,1,1,Needs Attention
2843,12,1,282.79,5,2,1,New / Promising
836,992,1,282.79,1,1,1,Lost
2007,117,3,280.87,4,3,1,New / Promising
2261,643,1,279.96,2,2,1,Lost
2595,323,1,279.67,3,1,1,Needs Attention
2896,58,1,278.91,5,1,1,New / Promising
2663,37,1,277.95,5,1,1,New / Promising
288,14,1,277.95,5,2,1,New / Promising
786,514,3,276.97,2,3,1,At Risk
1855,438,2,276.81,3,3,1,At Risk
2157,1042,1,275.22,1,1,1,Lost
1725,674,3,274.33,2,4,1,At Risk
1206,257,1,272.16,4,1,1,New / Promising
1266,89,1,271.37,5,1,1,New / Promising
1490,770,3,270.53999999999996,1,3,1,Needs Attention
2431,5,2,270.02,5,2,1,New / Promising
1274,416,1,268.84,3,1,1,Needs Attention
1301,903,1,268.69,1,1,1,Lost
688,222,2,265.89,4,3,1,New / Promising
2765,711,1,265.87,2,2,1,Lost
180,865,2,265.31,1,2,1,Lost
1410,471,1,264.66,3,1,1,Needs Attention
1913,824,2,263.4,1,3,1,Needs Attention
152,868,1,262.06,1,1,1,Lost
1023,339,3,261.40999999999997,3,3,1,At Risk
2783,456,2,261.02,3,3,1,At Risk
2004,430,2,260.13,3,3,1,At Risk
925,22,1,260.06,5,2,1,New / Promising
1494,554,1,257.58,2,1,1,Lost
205,234,1,256.68,4,1,1,New / Promising
2303,824,1,256.44,1,1,1,Lost
1197,643,1,255.17,2,2,1,Lost
2396,919,1,253.62,1,1,1,Lost
853,135,2,252.5,4,2,1,New / Promising
2475,260,1,252.3,4,1,1,New / Promising
1248,798,1,251.96,1,1,1,Lost
2208,244,1,251.93,4,1,1,New / Promising
463,148,1,251.66,4,1,1,New / Promising
2512,962,2,251.10000000000002,1,3,1,Needs Attention
1181,478,1,250.49,3,1,1,Needs Attention
2280,835,2,246.83,1,2,1,Lost
1472,628,2,244.41,2,2,1,Lost
578,105,1,242.35,4,1,1,New / Promising
2756,196,1,241.66,4,1,1,New / Promising
2488,487,1,240.64,3,1,1,Needs Attention
1063,927,1,240.37,1,1,1,Lost
1199,742,1,239.1,1,1,1,Lost
1531,627,2,238.32999999999998,2,2,1,Lost
1651,157,2,238.29,4,2,1,New / Promising
386,276,2,237.67,4,2,1,New / Promising
1717,75,2,235.43,5,2,1,New / Promising
839,217,1,235.27,4,1,1,New / Promising
2744,947,3,234.09,1,3,1,Needs Attention
2124,982,2,233.31,1,2,1,Lost
1287,645,2,233.04999999999998,2,2,1,Lost
2926,85,1,232.17,5,1,1,New / Promising
399,591,2,231.60000000000002,2,2,1,Lost
1770,1003,2,231.06,1,2,1,Lost
2363,101,1,229.68,4,1,1,New / Promising
1827,505,2,229.59,2,2,1,Lost
1145,648,1,229.26,2,2,1,Lost
892,776,1,224.87,1,1,1,Lost
1887,831,1,222.67,1,1,1,Lost
1351,11,2,222.15,5,2,1,New / Promising
831,686,1,221.53,2,1,1,Lost
937,276,3,220.37,4,4,1,Champions
1722,324,2,218.34,3,2,1,Needs Attention
2746,1016,2,218.27,1,2,1,Lost
897,714,1,217.77,2,2,1,Lost
1992,698,1,216.87,2,2,1,Lost
2506,877,2,216.25,1,2,1,Lost
2427,302,1,214.84,3,1,1,Needs Attention
1592,594,1,213.83,2,2,1,Lost
2802,0,1,213.48,5,1,1,New / Promising
2485,143,1,213.27,4,1,1,New / Promising
2642,467,3,212.37,3,3,1,At Risk
1445,708,1,212.25,2,2,1,Lost
2395,818,1,212.13,1,1,1,Lost
1489,67,1,211.74,5,1,1,New / Promising
1235,903,1,211.48,1,1,1,Lost
92,2,1,209.07,5,1,1,New / Promising
942,153,3,206.88,4,3,1,New / Promising
294,122,3,205.93,4,4,1,Champions
1073,124,1,205.38,4,1,1,New / Promising
332,912,1,205.17,1,1,1,Lost
1462,296,1,204.27,3,1,1,Needs Attention
1570,572,1,204.11,2,1,1,Lost
769,1043,1,202.62,1,1,1,Lost
1946,457,1,201.38,3,1,1,Needs Attention
15,852,1,201.08,1,1,1,Lost
1811,12,2,199.89000000000001,5,2,1,New / Promising
602,402,1,199.2,3,1,1,Needs Attention
2016,692,2,198.89000000000001,2,2,1,Lost
1549,643,2,198.42000000000002,2,2,1,Lost
2686,869,1,196.03,1,1,1,Lost
2380,608,1,194.85,2,2,1,Lost
11,176,2,194.85,4,2,1,New / Promising
1842,208,1,194.07,4,1,1,New / Promising
2535,695,1,192.54,2,2,1,Lost
195,4,2,192.54,5,2,1,New / Promising
997,31,1,190.14,5,1,1,New / Promising
1264,296,1,189.06,3,1,1,Needs Attention
846,610,1,189,2,2,1,Lost
646,689,1,188.4,2,2,1,Lost
1407,270,1,185.8,4,1,1,New / Promising
967,352,3,185.63000000000002,3,3,1,At Risk
1968,832,1,184.08,1,1,1,Lost
1190,834,1,182.81,1,1,1,Lost
775,91,1,182.68,4,1,1,New / Promising
1650,46,2,182.53,5,3,1,New / Promising
2795,624,2,182.04000000000002,2,2,1,Lost
2498,242,1,181.74,4,1,1,New / Promising
1978,636,1,181.46,2,2,1,Lost
905,834,1,181.41,1,1,1,Lost
1630,21,2,180.98000000000002,5,2,1,New / Promising
1546,798,2,180.35,1,3,1,Needs Attention
2601,1007,1,179.83,1,1,1,Lost
2275,572,1,179.5,2,1,1,Lost
2413,699,2,178.91,2,2,1,Lost
1254,799,2,177.24,1,3,1,Needs Attention
2956,25,3,176.95,5,3,1,New / Promising
615,13,1,176.38,5,2,1,New / Promising
677,759,1,176.03,1,1,1,Lost
753,818,2,175.24,1,3,1,Needs Attention
264,620,1,175.23,2,2,1,Lost
149,111,2,174.53,4,2,1,New / Promising
619,513,2,173.55,2,2,1,Lost
915,1048,1,172.97,1,1,1,Lost
1563,719,1,171.61,2,2,1,Lost
1017,411,1,171.13,3,1,1,Needs Attention
2271,943,2,170.26999999999998,1,3,1,Needs Attention
189,708,1,168.6,2,2,1,Lost
2120,694,2,168.37,2,2,1,Lost
186,497,2,167.57,3,3,1,At Risk
1353,63,2,167.31,5,2,1,New / Promising
2593,348,2,167.03,3,2,1,Needs Attention
2440,405,1,166.77,3,1,1,Needs Attention
703,952,1,166.63,1,1,1,Lost
9,977,2,166.28,1,2,1,Lost
532,28,1,165.62,5,1,1,New / Promising
1685,832,2,165.18,1,2,1,Lost
2760,384,2,163.98000000000002,3,3,1,At Risk
2450,768,2,163.28,1,3,1,Needs Attention
2904,369,1,163.03,3,1,1,Needs Attention
1625,924,2,162.47,1,2,1,Lost
1852,898,2,161.31,1,2,1,Lost
2985,523,1,160.34,2,1,1,Lost
2851,439,1,159.46,3,1,1,Needs Attention
1365,123,1,158.53,4,1,1,New / Promising
1451,264,2,158.06,4,2,1,New / Promising
1714,652,1,157.01,2,2,1,Lost
2604,395,1,154.29,3,1,1,Needs Attention
2386,306,1,153.82,3,1,1,Needs Attention
658,890,2,153.55,1,2,1,Lost
808,922,1,151.95,1,1,1,Lost
2100,325,2,151.43,3,2,1,Needs Attention
1132,359,1,151.34,3,1,1,Needs Attention
1298,626,1,151.34,2,2,1,Lost
1928,969,1,151.11,1,1,1,Lost
640,645,2,149.61,2,2,1,Lost
1308,565,1,149.61,2,1,1,Lost
292,1003,1,149,1,1,1,Lost
2400,959,1,148.27,1,1,1,Lost
2522,767,1,148.24,1,1,1,Lost
749,491,1,147.93,3,1,1,Needs Attention
1557,441,1,147.83,3,1,1,Needs Attention
616,18,1,144.9,5,2,1,New / Promising
2404,281,2,144.32999999999998,3,2,1,Needs Attention
2136,84,1,144.02,5,1,1,New / Promising
82,909,2,144.02,1,2,1,Lost
1377,816,2,143.48,1,3,1,Needs Attention
1960,194,1,143.27,4,1,1,New / Promising
343,1028,1,142.58,1,1,1,Lost
2739,65,2,141.99,5,2,1,New / Promising
2841,227,1,140.79,4,1,1,New / Promising
293,412,1,139.72,3,1,1,Needs Attention
2777,390,1,139.29,3,1,1,Needs Attention
645,1001,1,139.01,1,1,1,Lost
2893,1056,1,138.25,1,1,1,Lost
2916,871,1,137.58,1,1,1,Lost
583,421,1,137.58,3,1,1,Needs Attention
1938,701,1,137.58,2,2,1,Lost
13,889,2,136.35999999999999,1,2,1,Lost
2466,525,1,136.21,2,1,1,Lost
1573,312,1,135.87,3,1,1,Needs Attention
1624,242,2,135.29,4,2,1,New / Promising
2076,653,1,134.95,2,2,1,Lost
1547,70,1,134.64,5,1,1,New / Promising
1673,603,1,134.09,2,2,1,Lost
2660,50,1,132.43,5,1,1,New / Promising
734,71,1,132.43,5,1,1,New / Promising
1067,667,1,132.24,2,2,1,Lost
721,718,1,131.53,2,2,1,Lost
1161,365,2,131.32,3,2,1,Needs Attention
876,175,1,131.29,4,1,1,New / Promising
447,152,1,131.26,4,1,1,New / Promising
2651,530,1,131.08,2,1,1,Lost
2181,181,1,124.39,4,1,1,New / Promising
1392,185,2,123.52000000000001,4,3,1,New / Promising
591,539,2,123.37,2,2,1,Lost
2336,579,2,122.75,2,2,1,Lost
1787,356,1,122.09,3,1,1,Needs Attention
2164,515,2,121.58000000000001,2,2,1,Lost
2113,492,1,121.46,3,1,1,Needs Attention
1580,118,1,121.18,4,1,1,New / Promising
1562,252,1,121.15,4,1,1,New / Promising
25,337,1,119.12,3,1,1,Needs Attention
1657,88,1,118.71,5,1,1,New / Promising
2246,746,1,118.46,1,1,1,Lost
523,573,1,116.36,2,1,1,Lost
2567,464,1,116.26,3,1,1,Needs Attention
2518,494,1,116.14,3,1,1,Needs Attention
480,146,1,116.14,4,1,1,New / Promising
2857,679,1,116.14,2,2,1,Lost
1039,105,2,115.8,4,2,1,New / Promising
218,123,3,115.52,4,4,1,Champions
2995,398,2,115.00999999999999,3,3,1,At Risk
1475,45,1,113.76,5,1,1,New / Promising
959,87,1,113.76,5,1,1,New / Promising
600,682,1,112.48,2,2,1,Lost
752,345,1,109.51,3,1,1,Needs Attention
1208,593,1,107.94,2,2,1,Lost
709,660,2,107.32,2,2,1,Lost
2751,605,1,107.21,2,2,1,Lost
814,561,2,105.55,2,2,1,Lost
181,1044,1,105.11,1,1,1,Lost
252,852,1,104.53,1,1,1,Lost
712,381,1,103.43,3,1,1,Needs Attention
2718,453,2,102.11,3,3,1,At Risk
2385,918,1,101.81,1,1,1,Lost
119,454,1,101.25,3,1,1,Needs Attention
880,840,1,101.25,1,1,1,Lost
635,389,1,101.24,3,1,1,Needs Attention
139,5,1,101.2,5,1,1,New / Promising
2401,236,1,100.51,4,1,1,New / Promising
2276,226,2,100.33999999999999,4,3,1,New / Promising
2118,71,1,99.5,5,1,1,New / Promising
1969,21,1,99.2,5,2,1,New / Promising
1955,291,1,96.7,3,1,1,Needs Attention
558,115,1,96.26,4,1,1,New / Promising
2814,750,2,96.19,1,2,1,Lost
2742,906,1,92.73,1,1,1,Lost
903,57,1,92.73,5,1,1,New / Promising
599,552,1,92.65,2,1,1,Lost
1521,552,1,92.65,2,1,1,Lost
2185,581,1,92.65,2,2,1,Lost
2891,733,1,92.65,2,2,1,Lost
497,7,1,92.65,5,1,1,New / Promising
2837,323,1,92.65,3,1,1,Needs Attention
210,820,2,89.65,1,3,1,Needs Attention
412,665,1,88.85,2,2,1,Lost
1232,726,1,87.92,2,2,1,Lost
1329,76,1,87.73,5,1,1,New / Promising
1663,375,3,87.059999999999988,3,3,1,At Risk
2719,695,1,87.01,2,2,1,Lost
2755,204,1,86.91,4,1,1,New / Promising
1105,250,1,86.91,4,1,1,New / Promising
71,190,2,85.37,4,3,1,New / Promising
546,994,1,84.89,1,1,1,Lost
1096,827,1,84.88,1,1,1,Lost
1438,762,1,83.46,1,1,1,Lost
590,870,1,83.42,1,1,1,Lost
2265,567,1,83.39,2,1,1,Lost
2062,272,1,83.39,4,1,1,New / Promising
422,272,1,83.39,4,1,1,New / Promising
2321,76,1,83.39,5,1,1,New / Promising
443,337,1,83.2,3,1,1,Needs Attention
2068,191,1,83.16,4,1,1,New / Promising
2870,715,1,82.83,2,2,1,Lost
2139,1027,1,82.83,1,1,1,Lost
859,592,1,82.54,2,2,1,Lost
2749,335,1,81.91,3,1,1,Needs Attention
1065,2,1,81.62,5,1,1,New / Promising
1731,228,1,80.52,4,1,1,New / Promising
561,320,1,80.52,3,1,1,Needs Attention
1032,482,1,79.98,3,1,1,Needs Attention
2071,655,1,79.14,2,2,1,Lost
467,22,2,78.789999999999992,5,2,1,New / Promising
2345,117,1,76.19,4,1,1,New / Promising
469,231,1,74.97,4,1,1,New / Promising
2235,377,2,74.77,3,2,1,Needs Attention
2411,223,1,74.76,4,1,1,New / Promising
687,326,1,74.75,3,1,1,Needs Attention
1007,167,1,74.75,4,1,1,New / Promising
1991,255,1,74.37,4,1,1,New / Promising
1895,649,1,73.87,2,2,1,Lost
987,767,1,73.87,1,1,1,Lost
1526,146,1,72.24,4,1,1,New / Promising
2540,651,1,72.24,2,2,1,Lost
1470,34,1,71.69,5,1,1,New / Promising
737,1031,1,70.5,1,1,1,Lost
114,944,1,68.79,1,1,1,Lost
696,481,1,68.79,3,1,1,Needs Attention
1447,876,1,68.02,1,1,1,Lost
1930,1035,1,66.12,1,1,1,Lost
2833,1001,1,66.12,1,1,1,Lost
1256,744,1,66.12,1,1,1,Lost
1124,935,1,66.12,1,1,1,Lost
1495,128,1,66.12,4,1,1,New / Promising
2938,163,1,65.82,4,1,1,New / Promising
1178,951,2,59.379999999999995,1,3,1,Needs Attention
196,106,1,59.23,4,1,1,New / Promising
894,32,1,59.23,5,1,1,New / Promising
318,551,1,56.2,2,1,1,Lost
221,708,1,54.72,2,2,1,Lost
2803,449,1,54.72,3,1,1,Needs Attention
1881,637,1,53.6,2,2,1,Lost
2834,152,2,51.95,4,2,1,New / Promising
344,275,1,51.23,4,1,1,New / Promising
663,891,1,50.62,1,1,1,Lost
1346,713,1,50.03,2,2,1,Lost
2968,32,1,49.75,5,1,1,New / Promising
2418,652,1,49.75,2,2,1,Lost
352,886,1,49,1,1,1,Lost
1163,646,1,49,2,2,1,Lost
1596,331,1,47.54,3,1,1,Needs Attention
2699,810,1,46.23,1,1,1,Lost
797,591,1,43.96,2,2,1,Lost
1796,221,1,43.96,4,1,1,New / Promising
605,120,1,43.46,4,1,1,New / Promising
2211,321,2,43.31,3,2,1,Needs Attention
956,827,1,43.03,1,1,1,Lost
437,759,1,41.71,1,1,1,Lost
490,465,1,40.81,3,1,1,Needs Attention
1767,141,1,40.72,4,1,1,New / Promising
1269,51,1,40.26,5,1,1,New / Promising
2609,512,1,40.26,2,1,1,Lost
837,164,1,40.1,4,1,1,New / Promising
200,61,1,39.57,5,1,1,New / Promising
986,587,1,39.56,2,2,1,Lost
909,190,1,39.36,4,1,1,New / Promising
642,349,1,39.36,3,1,1,Needs Attention
2105,393,1,38.74,3,1,1,Needs Attention
544,823,1,36.75,1,1,1,Lost
279,164,1,32.93,4,1,1,New / Promising
904,0,1,31.27,5,1,1,New / Promising
202,1022,1,30.74,1,1,1,Lost
1120,640,1,30.51,2,2,1,Lost
704,15,1,25.6,5,2,1,New / Promising
266,291,1,24.15,3,1,1,Needs Attention
1285,692,1,24.15,2,2,1,Lost
2669,1012,1,23.97,1,1,1,Lost
2922,729,1,23.97,2,2,1,Lost
2571,284,1,23.97,3,1,1,Needs Attention
2587,63,1,23.97,5,1,1,New / Promising
2776,412,1,23.92,3,1,1,Needs Attention
1885,783,1,23.04,1,1,1,Lost
1838,183,1,19.14,4,1,1,New / Promising
1724,921,1,15.17,1,1,1,Lost
2338,936,1,11.96,1,1,1,Lost
2629,229,1,11.81,4,1,1,New / Promising
1977,4,1,11.52,5,1,1,New / Promising
227,777,1,11.23,1,1,1,Lost
403,816,1,10.24,1,1,1,Lost
1401,93,1,10.24,4,1,1,New / Promising
